Label,Count,Percentage
depression,1184,48.169243287225385
worry,682,27.74613506916192
anger,312,12.693246541903987
sadness,280,11.391375101708705
